{
    "bitcore":  {
                    "name":  "bitcore",
                    "port":  3556,
                    "coins":  1,
                    "fees":  1,
                    "hashrate":  4675387148,
                    "workers":  100,
                    "estimate_current":  "0.00000979",
                    "estimate_last24h":  "0.00000915",
                    "actual_last24h":  0.00979,
                    "hashrate_last24h":  3326613092.6563
                },
    "blake2s":  {
                    "name":  "blake2s",
                    "port":  5766,
                    "coins":  4,
                    "fees":  1,
                    "hashrate":  1586199454695,
                    "workers":  295,
                    "estimate_current":  "0.00001536",
                    "estimate_last24h":  "0.00001306",
                    "actual_last24h":  0.015359999999999999,
                    "hashrate_last24h":  2521086704002
                },
    "blakecoin":  {
                      "name":  "blakecoin",
                      "port":  5743,
                      "coins":  3,
                      "fees":  1,
                      "hashrate":  3926936,
                      "workers":  4,
                      "estimate_current":  "0.00000223",
                      "estimate_last24h":  "0.00000300",
                      "actual_last24h":  0.0022299999999999998,
                      "hashrate_last24h":  1502055051.4792
                  },
    "c11":  {
                "name":  "c11",
                "port":  3573,
                "coins":  2,
                "fees":  1,
                "hashrate":  598280927,
                "workers":  14,
                "estimate_current":  "0.00000749",
                "estimate_last24h":  "0.00000566",
                "actual_last24h":  0.00749,
                "hashrate_last24h":  342161604.75
            },
    "groestl":  {
                    "name":  "groestl",
                    "port":  5333,
                    "coins":  1,
                    "fees":  1,
                    "hashrate":  87731851,
                    "workers":  4,
                    "estimate_current":  "0.00000170",
                    "estimate_last24h":  "0.00000215",
                    "actual_last24h":  0.0017000000000000001,
                    "hashrate_last24h":  219927351.5208
                },
    "hmq1725":  {
                    "name":  "hmq1725",
                    "port":  3747,
                    "coins":  1,
                    "fees":  1,
                    "hashrate":  1568698645,
                    "workers":  172,
                    "estimate_current":  "0.00001979",
                    "estimate_last24h":  "0.00002332",
                    "actual_last24h":  0.01979,
                    "hashrate_last24h":  654154940.9167
                },
    "hsr":  {
                "name":  "hsr",
                "port":  7433,
                "coins":  1,
                "fees":  1,
                "hashrate":  3074762277,
                "workers":  43,
                "estimate_current":  "0.00001260",
                "estimate_last24h":  "0.00000951",
                "actual_last24h":  0.0126,
                "hashrate_last24h":  1477918938.7604
            },
    "keccak":  {
                   "name":  "keccak",
                   "port":  5133,
                   "coins":  1,
                   "fees":  1,
                   "hashrate":  186229782,
                   "workers":  4,
                   "estimate_current":  "0.00000007",
                   "estimate_last24h":  "0.00000008",
                   "actual_last24h":  7.0000000000000007E-05,
                   "hashrate_last24h":  3551541862.375
               },
    "lbry":  {
                 "name":  "lbry",
                 "port":  3334,
                 "coins":  1,
                 "fees":  1,
                 "hashrate":  43187327795,
                 "workers":  5,
                 "estimate_current":  "0.00000004",
                 "estimate_last24h":  "0.00000004",
                 "actual_last24h":  4E-05,
                 "hashrate_last24h":  35363757344.188
             },
    "lyra2v2":  {
                    "name":  "lyra2v2",
                    "port":  4533,
                    "coins":  6,
                    "fees":  1,
                    "hashrate":  42827583321,
                    "workers":  240,
                    "estimate_current":  "0.00000457",
                    "estimate_last24h":  "0.00000377",
                    "actual_last24h":  0.00457,
                    "hashrate_last24h":  101033216128.93
                },
    "m7m":  {
                "name":  "m7m",
                "port":  6033,
                "coins":  1,
                "fees":  1,
                "hashrate":  1571143,
                "workers":  41,
                "estimate_current":  "0.00003732",
                "estimate_last24h":  "0.00003388",
                "actual_last24h":  0.03732,
                "hashrate_last24h":  1532109.1042
            },
    "myr-gr":  {
                   "name":  "myr-gr",
                   "port":  5433,
                   "coins":  6,
                   "fees":  1,
                   "hashrate":  967570232,
                   "workers":  4,
                   "estimate_current":  "0.00000015",
                   "estimate_last24h":  "0.00000014",
                   "actual_last24h":  0.00015,
                   "hashrate_last24h":  5800137630.375
               },
    "neoscrypt":  {
                      "name":  "neoscrypt",
                      "port":  4233,
                      "coins":  11,
                      "fees":  1,
                      "hashrate":  5868307420,
                      "workers":  610,
                      "estimate_current":  "0.00010206",
                      "estimate_last24h":  "0.00015073",
                      "actual_last24h":  0.10206,
                      "hashrate_last24h":  4558230869.8333
                  },
    "nist5":  {
                  "name":  "nist5",
                  "port":  3833,
                  "coins":  2,
                  "fees":  1,
                  "hashrate":  2048698026,
                  "workers":  16,
                  "estimate_current":  "0.00000005",
                  "estimate_last24h":  "0.00000082",
                  "actual_last24h":  4.9999999999999941E-05,
                  "hashrate_last24h":  6115345929.3125
              },
    "phi":  {
                "name":  "phi",
                "port":  8333,
                "coins":  1,
                "fees":  1,
                "hashrate":  74121245422,
                "workers":  1176,
                "estimate_current":  "0.00000847",
                "estimate_last24h":  "0.00000794",
                "actual_last24h":  0.00847,
                "hashrate_last24h":  84908828879.906
            },
    "qubit":  {
                  "name":  "qubit",
                  "port":  4733,
                  "coins":  2,
                  "fees":  1,
                  "hashrate":  2690900777,
                  "workers":  6,
                  "estimate_current":  "0.00023508",
                  "estimate_last24h":  "0.00019090",
                  "actual_last24h":  0.23508000000000004,
                  "hashrate_last24h":  5210103651.4167
              },
    "scrypt":  {
                   "name":  "scrypt",
                   "port":  3433,
                   "coins":  12,
                   "fees":  1,
                   "hashrate":  93480038569,
                   "workers":  263,
                   "estimate_current":  "0.00167331",
                   "estimate_last24h":  "0.00182470",
                   "actual_last24h":  1.6733099999999999,