{
    "bitcore":  {
                    "name":  "bitcore",
                    "port":  3556,
                    "coins":  1,
                    "fees":  0.5,
                    "hashrate":  105684794,
                    "workers":  5,
                    "estimate_current":  "0.00000767",
                    "estimate_last24h":  "0.00000750",
                    "actual_last24h":  0.007965,
                    "hashrate_last24h":  440199675.8333
                },
    "c11":  {
                "name":  "c11",
                "port":  3573,
                "coins":  3,
                "fees":  0.5,
                "hashrate":  43921824,
                "workers":  1,
                "estimate_current":  "0.00000214",
                "estimate_last24h":  "0.00000811",
                "actual_last24h":  0.0026,
                "hashrate_last24h":  861246541.7396
            },
    "keccakc":  {
                    "name":  "keccakc",
                    "port":  5134,
                    "coins":  1,
                    "fees":  0.5,
                    "hashrate":  97976106791,
                    "workers":  15,
                    "estimate_current":  "0.00012791",
                    "estimate_last24h":  "0.00015091",
                    "actual_last24h":  0.15212,
                    "hashrate_last24h":  16017209607.594
                },
    "lyra2v2":  {
                    "name":  "lyra2v2",
                    "port":  4533,
                    "coins":  8,
                    "fees":  0.5,
                    "hashrate":  24672553096,
                    "workers":  223,
                    "estimate_current":  "0.00000177",
                    "estimate_last24h":  "0.00000336",
                    "actual_last24h":  0.00234,
                    "hashrate_last24h":  26415494823.969
                },
    "lyra2z":  {
                   "name":  "lyra2z",
                   "port":  4553,
                   "coins":  2,
                   "fees":  0.5,
                   "hashrate":  63278991,
                   "workers":  21,
                   "estimate_current":  "0.00010792",
                   "estimate_last24h":  "0.00006882",
                   "actual_last24h":  0.097285,
                   "hashrate_last24h":  92069395.6146
               },
    "neoscrypt":  {
                      "name":  "neoscrypt",
                      "port":  4233,
                      "coins":  16,
                      "fees":  0.5,
                      "hashrate":  1491674264,
                      "workers":  427,
                      "estimate_current":  "0.00009200",
                      "estimate_last24h":  "0.00013396",
                      "actual_last24h":  0.092555,
                      "hashrate_last24h":  1825115704.0313
                  },
    "nist5":  {
                  "name":  "nist5",
                  "port":  3833,
                  "coins":  1,
                  "fees":  0.5,
                  "hashrate":  9794889385,
                  "workers":  32,
                  "estimate_current":  "0.00000394",
                  "estimate_last24h":  "0.00000651",
                  "actual_last24h":  0,
                  "hashrate_last24h":  908970843.9688
              },
    "phi":  {
                "name":  "phi",
                "port":  8333,
                "coins":  1,
                "fees":  0.5,
                "hashrate":  803141934,
                "workers":  7,
                "estimate_current":  "0.00000658",
                "estimate_last24h":  "0.00000731",
                "actual_last24h":  0,
                "hashrate_last24h":  571541109.7708
            },
    "skunk":  {
                  "name":  "skunk",
                  "port":  8433,
                  "coins":  1,
                  "fees":  0.5,
                  "hashrate":  0,
                  "workers":  0,
                  "estimate_current":  "0.00000207",
                  "estimate_last24h":  "0.00000267",
                  "actual_last24h":  0.0018949999999999995,
                  "hashrate_last24h":  11010998.125
              },
    "tribus":  {
                   "name":  "tribus",
                   "port":  8533,
                   "coins":  3,
                   "fees":  0.5,
                   "hashrate":  2943671171,
                   "workers":  14,
                   "estimate_current":  "0.00000340",
                   "estimate_last24h":  "0.00000278",
                   "actual_last24h":  0.0034000000000000002,
                   "hashrate_last24h":  4501787265.7604
               },
    "x11":  {
                "name":  "x11",
                "port":  3533,
                "coins":  3,
                "fees":  0.5,
                "hashrate":  0,
                "workers":  0,
                "estimate_current":  "0.00000002",
                "estimate_last24h":  "0.00000002",
                "actual_last24h":  0,
                "hashrate_last24h":  447134.7292
            },
    "x17":  {
                "name":  "x17",
                "port":  3737,
                "coins":  2,
                "fees":  0.5,
                "hashrate":  2482286771,
                "workers":  36,
                "estimate_current":  "0.00000502",
                "estimate_last24h":  "0.00000855",
                "actual_last24h":  0.00702,
                "hashrate_last24h":  1911318323.7708
            },
    "xevan":  {
                  "name":  "xevan",
                  "port":  3739,
                  "coins":  2,
                  "fees":  0.5,
                  "hashrate":  1448137972,
                  "workers":  174,
                  "estimate_current":  "0.00007384",
                  "estimate_last24h":  "0.00004612",
                  "actual_last24h":  0.06702000000000001,
                  "hashrate_last24h":  1321320843.1875
              },
    "yescryptR16":  {
                        "name":  "yescryptR16",
                        "port":  6333,
                        "coins":  1,
                        "fees":  0.5,
                        "hashrate":  2712,
                        "workers":  5,
                        "estimate_current":  "0.04367189",
                        "estimate_last24h":  "0.01288036",
                        "actual_last24h":  38.011505000000056,
                        "hashrate_last24h":  226.4583
                    }
}
