{
    "bitcore":  {
                    "name":  "bitcore",
                    "port":  3556,
                    "coins":  1,
                    "fees":  2,
                    "hashrate":  749629128,
                    "workers":  18,
                    "estimate_current":  "0.00000925",
                    "estimate_last24h":  "0.00000805",
                    "actual_last24h":  0,
                    "hashrate_last24h":  556181039.5729
                },
    "blake2s":  {
                    "name":  "blake2s",
                    "port":  5766,
                    "coins":  4,
                    "fees":  2,
                    "hashrate":  20840377955347,
                    "workers":  3174,
                    "estimate_current":  "0.00000907",
                    "estimate_last24h":  "0.00001138",
                    "actual_last24h":  0.00907,
                    "hashrate_last24h":  17832240585589
                },
    "blakecoin":  {
                      "name":  "blakecoin",
                      "port":  5743,
                      "coins":  2,
                      "fees":  2,
                      "hashrate":  673780725501,
                      "workers":  14,
                      "estimate_current":  "0.00000221",
                      "estimate_last24h":  "0.00000263",
                      "actual_last24h":  0.00221,
                      "hashrate_last24h":  438546321136.38
                  },
    "c11":  {
                "name":  "c11",
                "port":  3573,
                "coins":  3,
                "fees":  2,
                "hashrate":  17931216790,
                "workers":  429,
                "estimate_current":  "0.00001165",
                "estimate_last24h":  "0.00000858",
                "actual_last24h":  0.01165,
                "hashrate_last24h":  11244737180.917
            },
    "decred":  {
                   "name":  "decred",
                   "port":  5744,
                   "coins":  1,
                   "fees":  2.25,
                   "hashrate":  76144845262,
                   "workers":  59,
                   "estimate_current":  "0.00000906",
                   "estimate_last24h":  "0.00000823",
                   "actual_last24h":  0,
                   "hashrate_last24h":  74172748989.844
               },
    "equihash":  {
                     "name":  "equihash",
                     "port":  2142,
                     "coins":  4,
                     "fees":  2,
                     "hashrate":  2239664.08,
                     "workers":  267,
                     "estimate_current":  "0.00026288",
                     "estimate_last24h":  "0.00024353",
                     "actual_last24h":  0.26288,
                     "hashrate_last24h":  2161627.6090832
                 },
    "groestl":  {
                    "name":  "groestl",
                    "port":  5333,
                    "coins":  1,
                    "fees":  2,
                    "hashrate":  37480636,
                    "workers":  9,
                    "estimate_current":  "0.00000135",
                    "estimate_last24h":  "0.00000187",
                    "actual_last24h":  0.0013499999999999999,
                    "hashrate_last24h":  210089675.2917
                },
    "hmq1725":  {
                    "name":  "hmq1725",
                    "port":  3747,
                    "coins":  2,
                    "fees":  2,
                    "hashrate":  1018589742,
                    "workers":  136,
                    "estimate_current":  "0.00002423",
                    "estimate_last24h":  "0.00002948",
                    "actual_last24h":  0.02423,
                    "hashrate_last24h":  1668158538.6667
                },
    "hsr":  {
                "name":  "hsr",
                "port":  7433,
                "coins":  1,
                "fees":  2,
                "hashrate":  2994923073,
                "workers":  235,
                "estimate_current":  "0.00001929",
                "estimate_last24h":  "0.00001184",
                "actual_last24h":  0.01929,
                "hashrate_last24h":  2543178946.8438
            },
    "keccak":  {
                   "name":  "keccak",
                   "port":  5133,
                   "coins":  1,
                   "fees":  2,
                   "hashrate":  14853027702,
                   "workers":  40,
                   "estimate_current":  "0.00007343",
                   "estimate_last24h":  "0.00007072",
                   "actual_last24h":  0.073430000000000009,
                   "hashrate_last24h":  21732706316.469
               },
    "keccakc":  {
                    "name":  "keccakc",
                    "port":  5134,
                    "coins":  1,
                    "fees":  2,
                    "hashrate":  98151112509,
                    "workers":  36,
                    "estimate_current":  "0.00011789",
                    "estimate_last24h":  "0.00013759",
                    "actual_last24h":  0.11789,
                    "hashrate_last24h":  119872505041.9
                },
    "lbry":  {
                 "name":  "lbry",
                 "port":  3334,
                 "coins":  1,
                 "fees":  2,
                 "hashrate":  105222346606,
                 "workers":  50,
                 "estimate_current":  "0.00000004",
                 "estimate_last24h":  "0.00000004",
                 "actual_last24h":  0,
                 "hashrate_last24h":  77118148082.844
             },
    "lyra2v2":  {
                    "name":  "lyra2v2",
                    "port":  4533,
                    "coins":  8,
                    "fees":  1.75,
                    "hashrate":  129636085484,
                    "workers":  857,
                    "estimate_current":  "0.00000312",
                    "estimate_last24h":  "0.00000323",
                    "actual_last24h":  0.0031200000000000004,
                    "hashrate_last24h":  107663459023.99
                },
    "lyra2z":  {
                   "name":  "lyra2z",
                   "port":  4553,
                   "coins":  2,
                   "fees":  1,
                   "hashrate":  377143044,
                   "workers":  186,
                   "estimate_current":  "0.00008184",
                   "estimate_last24h":  "0.00006888",
                   "actual_last24h":  0.08184,
                   "hashrate_last24h":  571931564.7813
               },
    "m7m":  {
                "name":  "m7m",
                "port":  6033,
                "coins":  1,
                "fees":  2,
                "hashrate":  14320171,
                "workers":  487,
                "estimate_current":  "0.00003754",
                "estimate_last24h":  "0.00003020",
                "actual_last24h":  0.037540000000000004,
                "hashrate_last24h":  17041288.4271
            },
    "myr-gr":  {
                   "name":  "myr-gr",
                   "port":  5433,
                   "coins":  7,
                   "fees":  2,
                   "hashrate":  95173726500,
                   "workers":  26,
                   "estimate_current":  "0.00000024",
                   "estimate_last24h":  "0.00000014",
                   "actual_last24h":  0.00023999999999999998,
                   "hashrate_last24h":  108004569066.62
               },
    "neoscrypt":  {
                      "name":  "neoscrypt",
                      "port":  4233,
                      "coins":  15,
                      "fees":  2,
                      "hashrate":  9056515019,
                      "workers":  2700,
                      "estimate_current":  "0.00015454",